Familia;Subfamilia;PaginaSubfamilia
Equipamentos de Escritório;Acessórios de encadernação;1
Equipamentos de Escritório;Acessórios para destruidoras;2
Equipamentos de Escritório;Acessórios para detetores e contadores de notas falsas;3
Equipamentos de Escritório;Acessórios para impressoras de tickets;4
Equipamentos de Escritório;Adaptador de corrente;5
Equipamentos de Escritório;Bolsas de plastificação;6
Equipamentos de Escritório;Caixas registadoras;7
Equipamentos de Escritório;Calculadora financeira;8
Equipamentos de Escritório;Calculadora gráfica;9
Equipamentos de Escritório;Calculadoras científicas;10
Equipamentos de Escritório;Calculadoras de bolso;11
Equipamentos de Escritório;Calculadoras de secretária;12
Equipamentos de Escritório;Calculadoras de secretária com impressora;13
Equipamentos de Escritório;Capas de encadernação;14
Equipamentos de Escritório;Cisalhas;15
Equipamentos de Escritório;Controladores de presença;16
Equipamentos de Escritório;Destruidoras 1-3 utilizadores;17
Equipamentos de Escritório;Destruidoras 4-5 utilizadores;18
Equipamentos de Escritório;Destruidoras 1-10 utilizadores;19
Equipamentos de Escritório;Destruidoras com autoalimentação;20
Equipamentos de Escritório;Destruidoras domésticas e escritório;21
Equipamentos de Escritório;Detetores e contadores de notas falsas;22
Equipamentos de Escritório;Encadernadoras de espiral dupla;23
Equipamentos de Escritório;Encadernadoras de espiral de plástico;24
Equipamentos de Escritório;Encadernadoras de espiral simples;25
Equipamentos de Escritório;Encadernadoras elétricas;26
Equipamentos de Escritório;Encadernadoras multifuros;27
Equipamentos de Escritório;Encadernadoras por pressão (channel);28
Equipamentos de Escritório;Guilhotinas;29
Equipamentos de Escritório;Impressoras de tickets;30
Equipamentos de Escritório;Lombadas de plástico;31
Equipamentos de Escritório;Máquinas de contar;32
Equipamentos de Escritório;Máquinas de contar dinheiro;33
Equipamentos de Escritório;Papel plástico;34
Equipamentos de Escritório;Plastificadoras;35
Equipamentos de Escritório;Porta-moedas;36
Equipamentos de Escritório;Máquina de arredondamento de cantos;37
Equipamentos de Escritório;Marcadores detetores de notas falsas;38

Mobiliário;Almofadas;39
Mobiliário;Apoio de pés;40
Mobiliário;Apoios lombares;41
Mobiliário;Arquivadores;42
Mobiliário;Armários;43
Mobiliário;Armários porta chaves;44
Mobiliário;Cabides;45
Mobiliário;Cacifos;46
Mobiliário;Caixa de sugestões;47
Mobiliário;Candeeiros de escritório;48
Mobiliário;Cadeiras de direção;49
Mobiliário;Cadeiras de escritório;50
Mobiliário;Cadeiras de escritório confidente;51
Mobiliário;Cadeiras gaming;52
Mobiliário;Carros de carga;53
Mobiliário;Cestos de papéis;54
Mobiliário;Cinzeiros;55
Mobiliário;Chaveiros porta etiquetas;56
Mobiliário;Cofres;57
Mobiliário;Contentores de lixo;58
Mobiliário;Divisórias;59
Mobiliário;Escadas;60
Mobiliário;Estantes;61
Mobiliário;Expositores;62
Mobiliário;Mesa multimédia;63
Mobiliário;Mesas e carros multifunções;64
Mobiliário;Mesas reguláveis e dobráveis;65
Mobiliário;Módulos de gavetas;66
Mobiliário;Móveis auxiliares;67
Mobiliário;Organizadores de armário;68
Mobiliário;Porta guarda-chuvas;69
Mobiliário;Relógios;70
Mobiliário;Sofá;71
Mobiliário;Tamboretes;72
Mobiliário;Tapetes de chão;73
Mobiliário;Urnas;74

Informática;Acessórios para etiquetadoras;75
Informática;Acessórios para impressoras 3D;76
Informática;Adaptadores de corrente;77
Informática;Adaptadores multiportas e hubs USB;78
Informática;Apoios de pulsos;79
Informática;Auriculares;80
Informática;Auriculares com cabo;81
Informática;Auriculares sem fios;82
Informática;Bandejas para teclado;83
Informática;Bolsas e caixas para CD/DVD/USB;84
Informática;Bolsas para portátil;85
Informática;Braços para ecrãs;86
Informática;Cabos e acessórios;87
Informática;Câmaras web;88
Informática;Carimbos e acessórios;89
Informática;Carregadores para tablets e telemóveis;90
Informática;Coluna multifunção;91
Informática;Colunas;92
Informática;Discos rígidos externos;93
Informática;DVD;94
Informática;Ecrãs interativos;95
Informática;Extensões elétricas;96
Informática;Filtros para ecrãs;97
Informática;Fitas para etiquetadoras;98
Informática;Higiene e manutenção;99
Informática;Impressoras 3D;100
Informática;Impressoras a tinta;101
Informática;Impressoras de cartões;102
Informática;Impressoras de etiquetas;103
Informática;Impressoras laser;104
Informática;Mala porta documentos;105
Informática;Malas para portáteis;106
Informática;Mochilas para portáteis;107
Informática;Monitores LED;108
Informática;Multifunções a laser;109
Informática;Multifunções a tinta;110
Informática;Pen drives USB;111
Informática;Pilhas;112
Informática;Plugues;113
Informática;Suporte para CPU;114
Informática;Tapetes para rato;115
Informática;Tapetes para rato com apoio de pulsos;116
Informática;Teclados;117
Informática;Tinta;118
Informática;Videoprojetores;119

Arquivo;Acessórios para capas de suspensão;120
Arquivo;Álbum de fotos;121
Arquivo;Blocos classificadores de secretária;122
Arquivo;Bolsas autoadesivas;123
Arquivo;Bolsas catálogo para diapositivos;124
Arquivo;Bolsas catálogo porta documentos;125
Arquivo;Bolsas dossier;126
Arquivo;Bolsas para lombada;127
Arquivo;Bolsas porta documentos;128
Arquivo;Bolsas protetoras;129
Arquivo;Caixas de arquivo definitivo;130
Arquivo;Caixas para transferências;131
Arquivo;Capas catálogo;132
Arquivo;Capas de suspensão;133
Arquivo;Carros para capas de suspensão;134
Arquivo;Classificadores;135
Arquivo;Etiquetas para pastas de arquivo;136
Arquivo;Fichas;137
Arquivo;Ficheiros;138
Arquivo;Folhas álbum de fotos;139
Arquivo;Identificadores;140
Arquivo;Índices para ficheiros;141
Arquivo;Livros de assinaturas;142
Arquivo;Módulos de pastas de arquivo;143
Arquivo;Pasta porta menus;144
Arquivo;Pastas classificadoras com fole;145
Arquivo;Pastas classificadoras de elásticos;146
Arquivo;Pastas de anéis canguru;147
Arquivo;Pastas de anéis em cartão;148
Arquivo;Pastas de anéis série antiar;149
Arquivo;Pastas de cartão porta documentos;150
Arquivo;Pastas de elásticos em cartão;151
Arquivo;Pastas de elásticos em polipropileno;152
Arquivo;Pastas de elásticos em plástico;153
Arquivo;Pastas porta documentos;154
Arquivo;Pastas portfólio;155
Arquivo;Pastas para projetos;156
Arquivo;Série Documenta;157
Arquivo;Suportes para capas de suspensão;158
Arquivo;Tabeliões de secretária;159
Arquivo;Tira autoadesiva;160

Embalagem;Acessórios de embalagem;161
Embalagem;Bandas elásticas;162
Embalagem;Bisturis;163
Embalagem;Bolsas de celofane;164
Embalagem;Bolsas de plástico auto seladas;165
Embalagem;Caixas para embalagem;166
Embalagem;Cordões;167
Embalagem;Desenroladores de papel;168
Embalagem;Desenroladores de secretária;169
Embalagem;Desenroladores para embalagem;170
Embalagem;Elásticos;171
Embalagem;Envelopes autoadesivos para documentos;172
Embalagem;Etiquetadoras;173
Embalagem;Fitas adesivas;174
Embalagem;Fitas de embalagem;175
Embalagem;Fitas para fazer laços;176
Embalagem;Fitas para fechar sacos;177
Embalagem;Fixa fotos;178
Embalagem;Guilhotina;179
Embalagem;Lacres;180
Embalagem;Laços fantasia;181
Embalagem;Máquina para fechar sacos;182
Embalagem;Mini desenroladores;183
Embalagem;Papel autoadesivo;184
Embalagem;Papel de embalar;185
Embalagem;Papel fantasia;186
Embalagem;Placas de corte;187
Embalagem;Recargas x-atos;188
Embalagem;Sacos de celulose;189
Embalagem;Sacos de papel kraft;190
Embalagem;Sacos de plástico;191
Embalagem;Tubos carta documentos;192
Embalagem;X-atos;193

Escrita e Correção;Apara lápis;194
Escrita e Correção;Apara lápis com borracha;195
Escrita e Correção;Apara lápis com depósito;196
Escrita e Correção;Apara lápis de secretária;197
Escrita e Correção;Apara lápis elétricos;198
Escrita e Correção;Apara minas;199
Escrita e Correção;Belius;200
Escrita e Correção;Borrachas;201
Escrita e Correção;Corretores;202
Escrita e Correção;Esferográficas apagáveis;203
Escrita e Correção;Esferográficas de base;204
Escrita e Correção;Esferográficas de tinta de gel;205
Escrita e Correção;Esferográficas de tinta de óleo;206
Escrita e Correção;Esferográficas multifunções;207
Escrita e Correção;Lápis de escrita;208
Escrita e Correção;Lápiseiras;209
Escrita e Correção;Marcadores;210
Escrita e Correção;Marcadores de cera suave fluorescente;211
Escrita e Correção;Marcadores de ponta de fibra;212
Escrita e Correção;Marcadores detetores de notas falsas;213
Escrita e Correção;Marcadores especiais;214
Escrita e Correção;Marcadores fluorescentes;215
Escrita e Correção;Marcadores para quadros brancos;216
Escrita e Correção;Marcadores para todo tipo de quadros;217
Escrita e Correção;Marcadores permanentes;218
Escrita e Correção;Milan;219
Escrita e Correção;Minas;220
Escrita e Correção;Minas de grafite;221
Escrita e Correção;Porta borrachas;222
Escrita e Correção;Recargas esferográficas;223
Escrita e Correção;Recargas de tinta;224
Escrita e Correção;Waterman;225

Adesivos e Corte;Colas de contacto;226
Adesivos e Corte;Colas diversas;227
Adesivos e Corte;Colas em spray;228
Adesivos e Corte;Colas em stick;229
Adesivos e Corte;Colas instantâneas;230
Adesivos e Corte;Colas roller;231
Adesivos e Corte;Colas universais;232
Adesivos e Corte;Fitas magnéticas adesivas;233
Adesivos e Corte;Massas adesivas;234
Adesivos e Corte;Pistolas de cola;235
Adesivos e Corte;Removedor de colas;236
Adesivos e Corte;Tesouras de escritório;237
Adesivos e Corte;Tesouras escolares;238
Adesivos e Corte;Velcros autoadesivos;239